,speaker,elapsed_time,content,video-timestamp-frame number,video-timestamp-elapsed time,video-timestamp-local_time,question
0,Speaker 1,0 days 00:00:10.000000000,"All right, do you guys want to start getting ready to read the stories?",300,10.0,2019-03-15 18:51:57,"All right, do you guys want to start getting ready to read the stories"
1,parent,0 days 00:00:13.000000000,"Okay. Come on Alex, let's go! It's time go read.",390,13.0,2019-03-15 18:52:00,
2,child,0 days 00:00:14.000000000,Dad!,420,14.0,2019-03-15 18:52:01,
3,parent,0 days 00:00:21.000000000,Dad? Are you sure it's Dad? Or Mommy's here?,630,21.0,2019-03-15 18:52:08,Dad::: Are you sure it's Dad::: Or Mommy's here
4,Speaker 4,0 days 00:00:31.000000000,Let's come here. [crosstalk 00:00:31],930,31.0,2019-03-15 18:52:18,
5,Speaker 4,0 days 00:00:31.000000000,Can you take a seat there? And then I just-,930,31.0,2019-03-15 18:52:18,Can you take a seat there
6,parent,0 days 00:00:36.000000000,"Alex, sit down here.",1080,36.0,2019-03-15 18:52:23,
7,child,0 days 00:00:38.000000000,"My favorite tablet. Ma, what's this?",1140,38.0,2019-03-15 18:52:25," Ma, what's this"
8,Speaker 1,0 days 00:00:47.000000000,So yeah.,1410,47.0,2019-03-15 18:52:34,
9,parent,0 days 00:00:47.000000000,See so many cameras.,1410,47.0,2019-03-15 18:52:34,
10,Speaker 1,0 days 00:00:47.000000000,Yeah. We're so interested in you guys.,1410,47.0,2019-03-15 18:52:34,
11,parent,0 days 00:00:48.000000000,So many camera want to see you when you're reading.,1440,48.0,2019-03-15 18:52:35,
12,Speaker 1,0 days 00:00:52.000000000,All right you guys mind putting this over your head? Can I just- okay. Let me know if it's uncomfortable.,1560,52.0,2019-03-15 18:52:39,All right you guys mind putting this over your head
13,child,0 days 00:01:19.000000000,What's that? What's this? [crosstalk 00:01:19],2370,79.0,2019-03-15 18:53:06,What's that::: What's this
14,Speaker 4,0 days 00:01:19.000000000,Maybe you can ask her to wear [inaudible 00:01:19],2370,79.0,2019-03-15 18:53:06,
15,Speaker 1,0 days 00:01:19.000000000,"Oh, okay.",2370,79.0,2019-03-15 18:53:06,
16,Speaker 4,0 days 00:01:19.000000000,It's easy. And then you adjust.[crosstalk 00:01:19],2370,79.0,2019-03-15 18:53:06,
17,child,0 days 00:01:19.000000000,"Mom, why so many cameras?",2370,79.0,2019-03-15 18:53:06,"Mom, why so many cameras"
18,Speaker 4,0 days 00:01:19.000000000,Just make sure it's not blocking the whole front.,2370,79.0,2019-03-15 18:53:06,
19,parent,0 days 00:01:19.000000000,Is this-,2370,79.0,2019-03-15 18:53:06,
20,Speaker 4,0 days 00:01:20.000000000,"No, a little bit higher. Maybe-",2400,80.0,2019-03-15 18:53:07,
21,parent,0 days 00:01:21.000000000,Higher-,2430,81.0,2019-03-15 18:53:08,
22,Speaker 4,0 days 00:01:22.000000000,"Yeah, okay. That's...",2460,82.0,2019-03-15 18:53:09,
23,parent,0 days 00:01:25.000000000,"Okay, better?",2550,85.0,2019-03-15 18:53:12,"Okay, better"
24,Speaker 1,0 days 00:01:26.000000000,"All right. Alex, can you look at your mom? And can you look at Alex? I think it's okay.",2580,86.0,2019-03-15 18:53:13," Alex, can you look at your mom::: And can you look at Alex"
25,Speaker 4,0 days 00:01:27.000000000,The view is [inaudible 00:01:27].,2610,87.0,2019-03-15 18:53:14,
26,parent,0 days 00:01:27.000000000,"This is a GoPro, remember? That we watch.",2610,87.0,2019-03-15 18:53:14,"This is a GoPro, remember"
27,child,0 days 00:01:38.000000000,What's the GoPro for?,2940,98.0,2019-03-15 18:53:25,What's the GoPro for
28,parent,0 days 00:01:40.000000000,GoPro can record all- everything that I see. Go up and down. See?,3000,100.0,2019-03-15 18:53:27, See
29,Speaker 4,0 days 00:01:42.000000000,Did you start-,3060,102.0,2019-03-15 18:53:29,
30,Speaker 1,0 days 00:01:42.000000000,This is on.,3060,102.0,2019-03-15 18:53:29,
31,parent,0 days 00:01:43.000000000,"Sit down. Sit down. Sit down. Sit down. I'm going to see you. See, there?",3090,103.0,2019-03-15 18:53:30," See, there"
32,child,0 days 00:01:46.000000000,[foreign language],3180,106.0,2019-03-15 18:53:33,
33,parent,0 days 00:01:54.000000000,"You want to wear too? No, no, no. Your head is too small.",3420,114.0,2019-03-15 18:53:41,You want to wear too
34,parent,0 days 00:02:02.000000000,Be careful! Be careful! There's a camera there. You juststick it.,3660,122.0,2019-03-15 18:53:49,
35,parent,0 days 00:02:10.000000000,Yeah. I need to see you- see in here. [crosstalk 00:02:19],3900,130.0,2019-03-15 18:53:57,
36,Speaker 4,0 days 00:02:19.000000000,We can also just start that. Because the view is very much fixed.,4170,139.0,2019-03-15 18:54:06,
37,Speaker 1,0 days 00:02:29.000000000,Okay. [crosstalk 00:02:30],4470,149.0,2019-03-15 18:54:16,
38,Speaker 4,0 days 00:02:30.000000000,You can hold it or you can put it on the table. It's up to you.,4500,150.0,2019-03-15 18:54:17,
39,parent,0 days 00:02:33.000000000,Okay.,4590,153.0,2019-03-15 18:54:20,
40,Speaker 4,0 days 00:02:34.000000000,Do it in a way that you-,4620,154.0,2019-03-15 18:54:21,
41,child,0 days 00:02:36.000000000,[foreign language],4680,156.0,2019-03-15 18:54:23,
42,Speaker 1,0 days 00:02:41.000000000,"All right, so you're going to access the stories here.",4830,161.0,2019-03-15 18:54:28,
43,parent,0 days 00:02:45.000000000,We're going to storybook.,4950,165.0,2019-03-15 18:54:32,
44,Speaker 4,0 days 00:02:50.000000000,Can I just very briefly check the sensor? Get your seat buddy.,5100,170.0,2019-03-15 18:54:37,Can I just very briefly check the sensor
45,parent,0 days 00:02:56.000000000,"Come on, sit down.",5280,176.0,2019-03-15 18:54:43,
46,Speaker 1,0 days 00:02:57.000000000,Can she check your sensor real quick?,5310,177.0,2019-03-15 18:54:44,Can she check your sensor real quick
47,parent,0 days 00:03:00.000000000,"Alex, sit down please.",5400,180.0,2019-03-15 18:54:47,
48,Speaker 4,0 days 00:03:02.000000000,"Okay. So, can I check the other one?",5460,182.0,2019-03-15 18:54:49," So, can I check the other one"
49,child,0 days 00:03:07.000000000,A book.,5610,187.0,2019-03-15 18:54:54,
50,parent,0 days 00:03:07.000000000,You want to choose the short story or long story?,5610,187.0,2019-03-15 18:54:54,You want to choose the short story or long story
51,Speaker 4,0 days 00:03:09.000000000,"Okay, perfect.",5670,189.0,2019-03-15 18:54:56,
52,Speaker 1,0 days 00:03:09.000000000,Okay.,5670,189.0,2019-03-15 18:54:56,
53,child,0 days 00:03:11.000000000,Long st-,5730,191.0,2019-03-15 18:54:58,
54,parent,0 days 00:03:11.000000000,"Long, okay.",5730,191.0,2019-03-15 18:54:58,
55,Speaker 1,0 days 00:03:12.000000000,After-,5760,192.0,2019-03-15 18:54:59,
56,parent,0 days 00:03:12.000000000,Wait-,5760,192.0,2019-03-15 18:54:59,
57,Speaker 1,0 days 00:03:12.000000000,"No, it's okay. Just tap.",5760,192.0,2019-03-15 18:54:59,
58,parent,0 days 00:03:15.000000000,You're going to short? I thought you say long?,5850,195.0,2019-03-15 18:55:02,You're going to short::: I thought you say long
59,Speaker 1,0 days 00:03:21.000000000,"Okay, so basically after you pick a book, there will be buttons at the top. I'm trying to teach you, one second. So you click here to change the page, and then after that if you want to go back to the start you can click first page or bookshelf.",6030,201.0,2019-03-15 18:55:08,
60,parent,0 days 00:03:40.000000000,Okay. I think we need to choose the long story.,6600,220.0,2019-03-15 18:55:27,
61,Speaker 1,0 days 00:04:30.000000000,Okay.,8100,270.0,2019-03-15 18:56:17,
62,Speaker 4,0 days 00:04:30.000000000,"And just in one minute, we'll start, okay? We need to start with your recording first, and then we'll start the story reading.",8100,270.0,2019-03-15 18:56:17,"And just in one minute, we'll start, okay"
63,parent,0 days 00:04:30.000000000,Okay.,8100,270.0,2019-03-15 18:56:17,
64,parent,0 days 00:04:30.000000000,"Come on, Alex. You this page, I next page. Come on, you this page.",8100,270.0,2019-03-15 18:56:17,
65,child,0 days 00:04:34.000000000,"One afternoon, after thinking it over for some time, Harold-",8220,274.0,2019-03-15 18:56:21,
66,parent,0 days 00:04:38.000000000,Harold.,8340,278.0,2019-03-15 18:56:25,
67,child,0 days 00:04:38.000000000,De-ki-ded.,8340,278.0,2019-03-15 18:56:25,
68,parent,0 days 00:04:38.000000000,Decided.,8340,278.0,2019-03-15 18:56:25,
69,child,0 days 00:04:39.000000000,Decided to go for a walk in the moonlight.,8370,279.0,2019-03-15 18:56:26,
70,child,0 days 00:04:41.000000000,"Ma, [foreign language].",8430,281.0,2019-03-15 18:56:28,
71,Speaker 4,0 days 00:04:41.000000000,"Okay, we're starting, just one moment.",8430,281.0,2019-03-15 18:56:28,
72,parent,0 days 00:04:41.000000000,Okay. Yes?,8430,281.0,2019-03-15 18:56:28, Yes
73,child,0 days 00:04:41.000000000,[foreign language],8430,281.0,2019-03-15 18:56:28,
74,parent,0 days 00:04:41.000000000,We need to start over again.,8430,281.0,2019-03-15 18:56:28,
75,Speaker 4,0 days 00:04:41.000000000,Now let's start!,8430,281.0,2019-03-15 18:56:28,
76,parent,0 days 00:04:42.000000000,"Okay. One evening, after thinking it over for some time, Harold decided to go for a walk in the moonlight. Wow! Come on Alex.",8460,282.0,2019-03-15 18:56:29,
77,child,0 days 00:04:42.000000000,"He made a long, strange path-",8460,282.0,2019-03-15 18:56:29,
78,parent,0 days 00:04:42.000000000,Straight path.,8460,282.0,2019-03-15 18:56:29,
79,child,0 days 00:04:42.000000000,Straight path so he wouldn't get lost.,8460,282.0,2019-03-15 18:56:29,
80,parent,0 days 00:04:42.000000000,"Oh, he worried that he would get lost, so he drawed the land, see? Okay? And then?",8460,282.0,2019-03-15 18:56:29,"Oh, he worried that he would get lost, so he drawed the land, see::: Okay::: And then"
81,child,0 days 00:04:42.000000000,"And he set off on his walk, taking his big purple crayon with him.",8460,282.0,2019-03-15 18:56:29,
82,parent,0 days 00:04:42.000000000,Bringing the purple crayon with him on the walk. And then?,8460,282.0,2019-03-15 18:56:29, And then
83,child,0 days 00:04:42.000000000,But he didn't...,8460,282.0,2019-03-15 18:56:29,
84,parent,0 days 00:04:42.000000000,Seem.,8460,282.0,2019-03-15 18:56:29,
85,child,0 days 00:04:46.000000000,"Seem to be getting anywhere on the long, stra-",8580,286.0,2019-03-15 18:56:33,
86,parent,0 days 00:04:48.000000000,Straight.,8640,288.0,2019-03-15 18:56:35,
87,child,0 days 00:04:48.000000000,Straight.,8640,288.0,2019-03-15 18:56:35,
88,parent,0 days 00:04:49.000000000,Path.,8670,289.0,2019-03-15 18:56:36,
89,child,0 days 00:04:49.000000000,Path.,8670,289.0,2019-03-15 18:56:36,
90,parent,0 days 00:05:33.000000000,"So funny, yeah, he cannot go anywhere here.",9990,333.0,2019-03-15 18:57:20,
91,child,0 days 00:05:36.000000000,Why?,10080,336.0,2019-03-15 18:57:23,Why
92,parent,0 days 00:05:36.000000000,"What is this place, you think? It's all blank, it's all white color. See? And then what will he do?",10080,336.0,2019-03-15 18:57:23,"What is this place, you think::: See::: And then what will he do"
93,parent,0 days 00:05:48.000000000,Come on.,10440,348.0,2019-03-15 18:57:35,
94,child,0 days 00:05:49.000000000,Put that thing down.,10470,349.0,2019-03-15 18:57:36,
95,parent,0 days 00:05:50.000000000,Later on. Come on.,10500,350.0,2019-03-15 18:57:37,
96,child,0 days 00:05:53.000000000,So he left-,10590,353.0,2019-03-15 18:57:40,
97,parent,0 days 00:05:54.000000000,Left the-,10620,354.0,2019-03-15 18:57:41,
98,child,0 days 00:05:56.000000000,The path for a shortcut across a field. And the moon went with him.,10680,356.0,2019-03-15 18:57:43,
99,parent,0 days 00:06:08.000000000,Ooh! The moon is follow him- following him. You think so? You think so? No? Really?,11040,368.0,2019-03-15 18:57:55, You think so::: You think so::: No::: Really
100,child,0 days 00:06:13.000000000,"Yeah, because it's...",11190,373.0,2019-03-15 18:58:00,
101,parent,0 days 00:06:13.000000000,What?,11190,373.0,2019-03-15 18:58:00,What
102,child,0 days 00:06:13.000000000,Because it's gi-nas-tic.,11190,373.0,2019-03-15 18:58:00,
103,parent,0 days 00:06:13.000000000,Gigantic.,11190,373.0,2019-03-15 18:58:00,
104,child,0 days 00:06:13.000000000,Gigantic.,11190,373.0,2019-03-15 18:58:00,
105,parent,0 days 00:06:22.000000000,"It's so big, yeah. So you can see it everywhere.",11460,382.0,2019-03-15 18:58:09,
106,child,0 days 00:06:37.000000000,The shortcut led right to the-,11910,397.0,2019-03-15 18:58:24,
107,parent,0 days 00:06:40.000000000,To where-,12000,400.0,2019-03-15 18:58:27,
108,child,0 days 00:06:40.000000000,To where-,12000,400.0,2019-03-15 18:58:27,
109,parent,0 days 00:06:40.000000000,Harold-,12000,400.0,2019-03-15 18:58:27,
110,child,0 days 00:06:40.000000000,Harold... thought-,12000,400.0,2019-03-15 18:58:27,
111,parent,0 days 00:06:40.000000000,Thought.,12000,400.0,2019-03-15 18:58:27,
112,child,0 days 00:06:40.000000000,Thought a forest ought-,12000,400.0,2019-03-15 18:58:27,
113,parent,0 days 00:06:40.000000000,Ought to be. Ooh.,12000,400.0,2019-03-15 18:58:27,
114,child,0 days 00:06:40.000000000,Ought to be.,12000,400.0,2019-03-15 18:58:27,
115,parent,0 days 00:06:41.000000000,"[inaudible 00:06:41] wander through the forest, see? He started through the forest and- this place is the forest. Okay. And then?",12030,401.0,2019-03-15 18:58:28,"[inaudible 00:06:41] wander through the forest, see::: And then"
116,child,0 days 00:06:49.000000000,He didn't-,12270,409.0,2019-03-15 18:58:36,
117,parent,0 days 00:06:49.000000000,Didn't.,12270,409.0,2019-03-15 18:58:36,
118,child,0 days 00:06:50.000000000,"Want to get lost in the woods, so he made a very small forest with-",12300,410.0,2019-03-15 18:58:37,
119,parent,0 days 00:06:55.000000000,"Oh, sorry. With just-",12450,415.0,2019-03-15 18:58:42,
120,child,0 days 00:07:01.000000000,Just one tree-,12630,421.0,2019-03-15 18:58:48,
121,parent,0 days 00:07:08.000000000,One tree in-,12840,428.0,2019-03-15 18:58:55,
122,child,0 days 00:07:08.000000000,In it.,12840,428.0,2019-03-15 18:58:55,
123,parent,0 days 00:07:09.000000000,"There's only one tree in it. So funny is that forest! Yes, that's a tree. And then?",12870,429.0,2019-03-15 18:58:56, And then
124,child,0 days 00:07:18.000000000,It turned out to be an apple tree.,13140,438.0,2019-03-15 18:59:05,
125,parent,0 days 00:07:19.000000000,Wow! You like those? Apple trees?,13170,439.0,2019-03-15 18:59:06,Wow! You like those::: Apple trees
126,child,0 days 00:07:23.000000000,I see you.,13290,443.0,2019-03-15 18:59:10,
127,parent,0 days 00:07:23.000000000,I see... You like apple tree?,13290,443.0,2019-03-15 18:59:10, You like apple tree
128,child,0 days 00:07:25.000000000,I don't like apple-,13350,445.0,2019-03-15 18:59:12,
129,parent,0 days 00:07:29.000000000,Why you don't like apple?,13470,449.0,2019-03-15 18:59:16,Why you don't like apple
130,child,0 days 00:07:30.000000000,Because I don't like it anymore Ma. [inaudible 00:07:36],13500,450.0,2019-03-15 18:59:17,
131,parent,0 days 00:07:36.000000000,"But it's not for you. [crosstalk 00:07:40] For the study. Okay, come on, next.",13680,456.0,2019-03-15 18:59:23,
132,child,0 days 00:07:47.000000000,The apples would be very tas-,14010,467.0,2019-03-15 18:59:34,
133,parent,0 days 00:07:51.000000000,Tasty.,14130,471.0,2019-03-15 18:59:38,
134,child,0 days 00:07:51.000000000,"Tasty, Harold th-",14130,471.0,2019-03-15 18:59:38,
135,parent,0 days 00:07:51.000000000,Thought.,14130,471.0,2019-03-15 18:59:38,
136,child,0 days 00:07:51.000000000,Thought when they got red.,14130,471.0,2019-03-15 18:59:38,
137,parent,0 days 00:07:51.000000000,You think so? It will be very tasty when it get red? Are you sure? I think you never want to try apple.,14130,471.0,2019-03-15 18:59:38,You think so::: It will be very tasty when it get red::: Are you sure
138,child,0 days 00:08:05.000000000,What the heck?,14550,485.0,2019-03-15 18:59:52,What the heck
139,parent,0 days 00:08:09.000000000,"Wow, what happened? So-",14670,489.0,2019-03-15 18:59:56,"Wow, what happened"
140,child,0 days 00:08:12.000000000,So he put a fri-,14760,492.0,2019-03-15 18:59:59,
141,parent,0 days 00:08:15.000000000,Frightening dragon-,14850,495.0,2019-03-15 19:00:02,
142,child,0 days 00:08:21.000000000,Frightening dragon under the tree to gu-,15030,501.0,2019-03-15 19:00:08,
143,parent,0 days 00:08:25.000000000,Guard the apples! So he purposely draw this scary dragon to what?,15150,505.0,2019-03-15 19:00:12,Guard the apples! So he purposely draw this scary dragon to what
144,child,0 days 00:08:30.000000000,To eat the apples.,15300,510.0,2019-03-15 19:00:17,
145,parent,0 days 00:08:35.000000000,"No. To guard the apples. So when the apple turn red, nobody will eat it. Because, you think he likes apple? You think so? Let's see. And then?",15450,515.0,2019-03-15 19:00:22," Because, you think he likes apple::: You think so::: And then"
146,child,0 days 00:08:49.000000000,It was a terribly frightened dragon.,15870,529.0,2019-03-15 19:00:36,
147,parent,0 days 00:08:56.000000000,Frightening dragon. It's very scary. Is it very scary?,16080,536.0,2019-03-15 19:00:43, Is it very scary
148,child,0 days 00:08:58.000000000,Yeah.,16140,538.0,2019-03-15 19:00:45,
149,parent,0 days 00:08:59.000000000,You think so?,16170,539.0,2019-03-15 19:00:46,You think so
150,child,0 days 00:08:59.000000000,Yeah.,16170,539.0,2019-03-15 19:00:46,
151,parent,0 days 00:08:59.000000000,And then what would happen?,16170,539.0,2019-03-15 19:00:46,And then what would happen
152,child,0 days 00:08:59.000000000,It even frightened-,16170,539.0,2019-03-15 19:00:46,
153,parent,0 days 00:08:59.000000000,Harold.,16170,539.0,2019-03-15 19:00:46,
154,child,0 days 00:08:59.000000000,He backed away.,16170,539.0,2019-03-15 19:00:46,
155,parent,0 days 00:09:09.000000000,He back away. Even he is scared. Were you scared if you make some scary dragon like this?,16470,549.0,2019-03-15 19:00:56, Were you scared if you make some scary dragon like this
156,child,0 days 00:09:18.000000000,No.,16740,558.0,2019-03-15 19:01:05,
157,parent,0 days 00:09:18.000000000,Really? Are you sure? It can turn alive you know? Are you really sure you are not scared of this dragon?,16740,558.0,2019-03-15 19:01:05,Really::: Are you sure::: It can turn alive you know::: Are you really sure you are not scared of this dragon
158,child,0 days 00:09:31.000000000,Yeah.,17130,571.0,2019-03-15 19:01:18,
159,parent,0 days 00:09:31.000000000,Will you [inaudible 00:09:32] at him?,17130,571.0,2019-03-15 19:01:18,Will you [inaudible 00:09:32] at him
160,child,0 days 00:09:34.000000000,Why is this yellow and that black?,17220,574.0,2019-03-15 19:01:21,Why is this yellow and that black
161,parent,0 days 00:09:37.000000000,I thought you say you like the yellow and black so I take yellow and black too.,17310,577.0,2019-03-15 19:01:24,
162,child,0 days 00:09:49.000000000,"His hand, holding the purple crayon, shook.",17670,589.0,2019-03-15 19:01:36,
163,parent,0 days 00:09:50.000000000,Woo! See... See? Don't do that again. We need to go over it again now. And more time will... It is- where is the dragon? Ah! Ah! Ah! Okay! Now you see his hand-,17700,590.0,2019-03-15 19:01:37, See::: It is- where is the dragon
164,child,0 days 00:10:15.000000000,"His hand, holding the purple crayon, shook.",18450,615.0,2019-03-15 19:02:02,
165,parent,0 days 00:10:22.000000000,"Will you shook when you see the dragon? And then, oh no!",18660,622.0,2019-03-15 19:02:09,Will you shook when you see the dragon
166,child,0 days 00:10:25.000000000,"Suddenly, he re-",18750,625.0,2019-03-15 19:02:12,
167,parent,0 days 00:10:28.000000000,Realized.,18840,628.0,2019-03-15 19:02:15,
168,child,0 days 00:10:31.000000000,Realized what was happening.,18930,631.0,2019-03-15 19:02:18,
169,parent,0 days 00:10:34.000000000,"What was happening, you think? What was happening?",19020,634.0,2019-03-15 19:02:21,"What was happening, you think::: What was happening"
170,child,0 days 00:10:42.000000000,He drop a water.,19260,642.0,2019-03-15 19:02:29,
171,parent,0 days 00:10:42.000000000,"He dropping the water because he's shaking his drawing. Wait. In the sea maybe, oh my God! Someone will help him or not. And then?",19260,642.0,2019-03-15 19:02:29, And then
172,child,0 days 00:10:57.000000000,"But by then, Harold was over his head in an ocean.",19710,657.0,2019-03-15 19:02:44,
173,parent,0 days 00:11:04.000000000,Oh my God! What will you do if this happened to you?,19920,664.0,2019-03-15 19:02:51,Oh my God! What will you do if this happened to you
174,child,0 days 00:11:07.000000000,I don't know.,20010,667.0,2019-03-15 19:02:54,
175,parent,0 days 00:11:13.000000000,Say what? Shout help!,20190,673.0,2019-03-15 19:03:00,Say what
176,child,0 days 00:11:14.000000000,Help.,20220,674.0,2019-03-15 19:03:01,
177,parent,0 days 00:11:15.000000000,"Yes, loudly, okay? Oh, he's so smart! Then, what is he doing?",20250,675.0,2019-03-15 19:03:02,"Yes, loudly, okay::: Oh, he's so smart! Then, what is he doing"
178,child,0 days 00:11:20.000000000,He draw a boat.,20400,680.0,2019-03-15 19:03:07,
179,parent,0 days 00:11:20.000000000,And then?,20400,680.0,2019-03-15 19:03:07,And then
180,child,0 days 00:11:20.000000000,"Hey, put this thing down.",20400,680.0,2019-03-15 19:03:07,
181,parent,0 days 00:11:24.000000000,"Come on, come on, come on. What he see? He came up-",20520,684.0,2019-03-15 19:03:11, What he see
182,child,0 days 00:11:27.000000000,He came up thinking fast.,20610,687.0,2019-03-15 19:03:14,
183,parent,0 days 00:11:30.000000000,"Oh, he's very fast, yeah. Will you be fast like him?",20700,690.0,2019-03-15 19:03:17, Will you be fast like him
184,child,0 days 00:11:34.000000000,Yeah.,20820,694.0,2019-03-15 19:03:21,
185,parent,0 days 00:11:34.000000000,Yeah. And then?,20820,694.0,2019-03-15 19:03:21, And then
186,child,0 days 00:11:38.000000000,"In no time, he was climbing board trim-",20940,698.0,2019-03-15 19:03:25,
187,parent,0 days 00:11:45.000000000,A trim-,21150,705.0,2019-03-15 19:03:32,
188,child,0 days 00:11:47.000000000,A trim little boat.,21210,707.0,2019-03-15 19:03:34,
189,parent,0 days 00:11:48.000000000,"Hm, good idea. You think it's a good idea?",21240,708.0,2019-03-15 19:03:35, You think it's a good idea
190,child,0 days 00:11:51.000000000,Yeah.,21330,711.0,2019-03-15 19:03:38,
191,parent,0 days 00:11:51.000000000,And then?,21330,711.0,2019-03-15 19:03:38,And then
192,child,0 days 00:11:54.000000000,And then he draw the sail.,21420,714.0,2019-03-15 19:03:41,
193,parent,0 days 00:11:55.000000000,And then he quickly-,21450,715.0,2019-03-15 19:03:42,
194,child,0 days 00:11:55.000000000,Quickly set sail.,21450,715.0,2019-03-15 19:03:42,
195,parent,0 days 00:11:55.000000000,"Ooh, all aboard!",21450,715.0,2019-03-15 19:03:42,
196,child,0 days 00:11:55.000000000,And the moon sailed along with him.,21450,715.0,2019-03-15 19:03:42,
197,parent,0 days 00:12:04.000000000,You think so? The moon will sail along with him?,21720,724.0,2019-03-15 19:03:51,You think so::: The moon will sail along with him
198,child,0 days 00:12:07.000000000,Yeah.,21810,727.0,2019-03-15 19:03:54,
199,parent,0 days 00:12:08.000000000,"No. The moon is so big, you can see it everywhere.",21840,728.0,2019-03-15 19:03:55,
200,child,0 days 00:12:12.000000000,"Ma, GoPro camera.",21960,732.0,2019-03-15 19:03:59,
201,parent,0 days 00:12:16.000000000,"Yeah, they're just for recording. Come on, Alex.",22080,736.0,2019-03-15 19:04:03,
202,child,0 days 00:12:19.000000000,After he had sail-ed-,22170,739.0,2019-03-15 19:04:06,
203,parent,0 days 00:12:23.000000000,Sailed.,22290,743.0,2019-03-15 19:04:10,
204,child,0 days 00:12:24.000000000,Sailed long until-,22320,744.0,2019-03-15 19:04:11,
205,parent,0 days 00:12:26.000000000,Enough-,22380,746.0,2019-03-15 19:04:13,
206,child,0 days 00:12:27.000000000,"Enough, Harold made land without much trouble.",22410,747.0,2019-03-15 19:04:14,
207,parent,0 days 00:12:35.000000000,"Because he never draw a thunder, yeah? Maybe if he draws some thunderstorm, would be trouble, you think? To go to the land?",22650,755.0,2019-03-15 19:04:22,"Because he never draw a thunder, yeah::: Maybe if he draws some thunderstorm, would be trouble, you think::: To go to the land"
208,child,0 days 00:12:45.000000000,M-hmm.,22950,765.0,2019-03-15 19:04:32,
209,parent,0 days 00:12:46.000000000,"Yeah, of course! Then he draw what? This one.",22980,766.0,2019-03-15 19:04:33,"Yeah, of course! Then he draw what"
210,child,0 days 00:12:49.000000000,The land-,23070,769.0,2019-03-15 19:04:36,
211,parent,0 days 00:12:51.000000000,Anchorage. So the boat will stop. And then?,23130,771.0,2019-03-15 19:04:38, And then
212,child,0 days 00:12:59.000000000,"He stepped ashore on the beach, wonder-",23370,779.0,2019-03-15 19:04:46,
213,parent,0 days 00:13:04.000000000,Wondering.,23520,784.0,2019-03-15 19:04:51,
214,child,0 days 00:13:07.000000000,Wondering where he was.,23610,787.0,2019-03-15 19:04:54,
215,parent,0 days 00:13:08.000000000,Where he was.,23640,788.0,2019-03-15 19:04:55,
216,child,0 days 00:13:12.000000000,The sandy beach se-mi-ned-,23760,792.0,2019-03-15 19:04:59,
217,parent,0 days 00:13:16.000000000,Reminded.,23880,796.0,2019-03-15 19:05:03,
218,child,0 days 00:13:17.000000000,Reminded Harold of pins-,23910,797.0,2019-03-15 19:05:04,
219,parent,0 days 00:13:22.000000000,Picnics!,24060,802.0,2019-03-15 19:05:09,
220,child,0 days 00:13:23.000000000,Picnics. And the thought-,24090,803.0,2019-03-15 19:05:10,
221,parent,0 days 00:13:26.000000000,And the thought-,24180,806.0,2019-03-15 19:05:13,
222,child,0 days 00:13:27.000000000,Of peanuts-,24210,807.0,2019-03-15 19:05:14,
223,parent,0 days 00:13:28.000000000,Picnics!,24240,808.0,2019-03-15 19:05:15,
224,child,0 days 00:13:29.000000000,Picnics made him hungry.,24270,809.0,2019-03-15 19:05:16,
225,parent,0 days 00:13:32.000000000,"Oh! You like picnics? Really? When you hungry, what do you want to eat picnic time?",24360,812.0,2019-03-15 19:05:19,"Oh! You like picnics::: Really::: When you hungry, what do you want to eat picnic time"
226,child,0 days 00:13:39.000000000,"Ma, can you find the camera again?",24570,819.0,2019-03-15 19:05:26,"Ma, can you find the camera again"
227,parent,0 days 00:13:44.000000000,"Yeah, it's for recording. What do you want to eat in picnic time?",24720,824.0,2019-03-15 19:05:31, What do you want to eat in picnic time
228,child,0 days 00:13:47.000000000,I don't know.,24810,827.0,2019-03-15 19:05:34,
229,parent,0 days 00:13:47.000000000,Okay.,24810,827.0,2019-03-15 19:05:34,
230,child,0 days 00:13:47.000000000,So he laid-,24810,827.0,2019-03-15 19:05:34,
231,parent,0 days 00:13:47.000000000,I think apple.,24810,827.0,2019-03-15 19:05:34,
232,child,0 days 00:13:55.000000000,Out a nice simple pint-,25050,835.0,2019-03-15 19:05:42,
233,parent,0 days 00:13:58.000000000,Picnic.,25140,838.0,2019-03-15 19:05:45,
234,child,0 days 00:13:59.000000000,Picnic lunch.,25170,839.0,2019-03-15 19:05:46,
235,parent,0 days 00:14:01.000000000,"Okay, what will he eat, you think? Hmm?",25230,841.0,2019-03-15 19:05:48,"Okay, what will he eat, you think::: Hmm"
236,child,0 days 00:14:06.000000000,I think a birthday cake.,25380,846.0,2019-03-15 19:05:53,
237,parent,0 days 00:14:07.000000000,"Oh, that is your favorite.",25410,847.0,2019-03-15 19:05:54,
238,child,0 days 00:14:08.000000000,What? There was nothing but pie.,25440,848.0,2019-03-15 19:05:55,What
239,parent,0 days 00:14:13.000000000,"Oh, he likes pie see? He drew so many. Woo, so many! How many? How many pie he is eating?",25590,853.0,2019-03-15 19:06:00,"Oh, he likes pie see::: Woo, so many! How many::: How many pie he is eating"
240,child,0 days 00:14:19.000000000,"One, two, three, four, five, six, seven, eight, nine.",25770,859.0,2019-03-15 19:06:06,
241,parent,0 days 00:14:20.000000000,Nine? Wow!,25800,860.0,2019-03-15 19:06:07,Nine
242,child,0 days 00:14:20.000000000,I think he's drawing more ones.,25800,860.0,2019-03-15 19:06:07,
243,parent,0 days 00:14:20.000000000,"You think so? Okay, let's see.",25800,860.0,2019-03-15 19:06:07,You think so
244,child,0 days 00:14:20.000000000,Yeah.,25800,860.0,2019-03-15 19:06:07,
245,parent,0 days 00:14:28.000000000,"No, it's just nine. And then?",26040,868.0,2019-03-15 19:06:15, And then
246,child,0 days 00:14:30.000000000,But there were all nine kinds of pie that-,26100,870.0,2019-03-15 19:06:17,
247,parent,0 days 00:14:36.000000000,"Oops, sorry. That-",26280,876.0,2019-03-15 19:06:23,
248,child,0 days 00:14:37.000000000,That Harold liked best.,26310,877.0,2019-03-15 19:06:24,
249,parent,0 days 00:14:40.000000000,"Ooh, there's nine kind. You, how many birthday cake you like? How many kind of birthday cake you like?",26400,880.0,2019-03-15 19:06:27," You, how many birthday cake you like::: How many kind of birthday cake you like"
250,child,0 days 00:14:47.000000000,Hey we need nachos!,26610,887.0,2019-03-15 19:06:34,
251,parent,0 days 00:14:47.000000000,"Please, please, please. Please, please, honey. Okay, come on.",26610,887.0,2019-03-15 19:06:34,
252,child,0 days 00:14:55.000000000,When Harold finished his pint-,26850,895.0,2019-03-15 19:06:42,
253,parent,0 days 00:15:02.000000000,Picnic-,27060,902.0,2019-03-15 19:06:49,
254,child,0 days 00:15:02.000000000,There was quite a lot left.,27060,902.0,2019-03-15 19:06:49,
255,parent,0 days 00:15:07.000000000,"Oh my God! He, see- see! He just- little- a little bit, a little bit, a little bit, yeah? Still have a lot man. And then?",27210,907.0,2019-03-15 19:06:54,"Oh my God! He, see- see! He just- little- a little bit, a little bit, a little bit, yeah::: And then"
256,child,0 days 00:15:17.000000000,He hated to see so much d-,27510,917.0,2019-03-15 19:07:04,
257,parent,0 days 00:15:22.000000000,Delicious. So much delicious-,27660,922.0,2019-03-15 19:07:09,
258,child,0 days 00:15:24.000000000,Delicious pie go-,27720,924.0,2019-03-15 19:07:11,
259,parent,0 days 00:15:26.000000000,Go to waste.,27780,926.0,2019-03-15 19:07:13,
260,child,0 days 00:15:27.000000000,To waste.,27810,927.0,2019-03-15 19:07:14,
261,parent,0 days 00:15:28.000000000,Ooh. Waste. He draw. Ooh!,27840,928.0,2019-03-15 19:07:15,
262,child,0 days 00:15:33.000000000,Right there.,27990,933.0,2019-03-15 19:07:20,
263,parent,0 days 00:15:33.000000000,And then?,27990,933.0,2019-03-15 19:07:20,And then
264,child,0 days 00:15:35.000000000,So Harold left a very hungry moose and a deserving-,28050,935.0,2019-03-15 19:07:22,
265,parent,0 days 00:15:35.000000000,Deserving porcupine. This one porcupine.,28050,935.0,2019-03-15 19:07:22,
266,child,0 days 00:15:35.000000000,Porc-u-pine.,28050,935.0,2019-03-15 19:07:22,
267,parent,0 days 00:15:35.000000000,[foreign language],28050,935.0,2019-03-15 19:07:22,
268,child,0 days 00:15:52.000000000,To finish it up. Why?,28560,952.0,2019-03-15 19:07:39, Why
269,parent,0 days 00:15:54.000000000,"So all the pie finish! Because if not, can't waste it. Right? You must chew it, right? Because he's too full. Too much already, nine pie. Okay, and then?",28620,954.0,2019-03-15 19:07:41," Right::: You must chew it, right::: Okay, and then"
270,child,0 days 00:16:05.000000000,"And off he went, looking for a hill to climb to see where he was. Harold knew that the hi-",28950,965.0,2019-03-15 19:07:52,
271,parent,0 days 00:16:27.000000000,Higher.,29610,987.0,2019-03-15 19:08:14,
272,child,0 days 00:16:27.000000000,"Higher up he went, and fath-",29610,987.0,2019-03-15 19:08:14,
273,parent,0 days 00:16:27.000000000,The farther.,29610,987.0,2019-03-15 19:08:14,
274,child,0 days 00:16:32.000000000,"Farther he could see, so he cli-dated-",29760,992.0,2019-03-15 19:08:19,
275,parent,0 days 00:16:36.000000000,He decided.,29880,996.0,2019-03-15 19:08:23,
276,child,0 days 00:16:36.000000000,He decided to make the hill into a mountain.,29880,996.0,2019-03-15 19:08:23,
277,parent,0 days 00:16:41.000000000,"Ooh, see? He make a mountain instead of hill.",30030,1001.0,2019-03-15 19:08:28,"Ooh, see"
278,child,0 days 00:16:45.000000000,Why it's like a water?,30150,1005.0,2019-03-15 19:08:32,Why it's like a water
279,parent,0 days 00:16:49.000000000,"No, this one is the beach. Oh yeah, it looks like a water here because it is bumpy, bumpy. Okay? It's rough, right, in the mountain? Many of what? Rock, right? You cannot draw [inaudible 00:17:04] Hello! Why-",30270,1009.0,2019-03-15 19:08:36," Okay::: It's rough, right, in the mountain::: Many of what::: Rock, right"
280,parent,0 days 00:17:13.000000000,"Okay, what will be in the mountain? Come on.",30990,1033.0,2019-03-15 19:09:00,"Okay, what will be in the mountain"
281,child,0 days 00:17:15.000000000,"If he went high enough, he th-",31050,1035.0,2019-03-15 19:09:02,
282,parent,0 days 00:17:22.000000000,He thought.,31260,1042.0,2019-03-15 19:09:09,
283,child,0 days 00:17:22.000000000,"He thought, he could see the window of his bedroom.",31260,1042.0,2019-03-15 19:09:09,
284,parent,0 days 00:17:28.000000000,"Ooh, where is his bedroom? Maybe I think he will see dragon instead of bedroom. You think so?",31440,1048.0,2019-03-15 19:09:15,"Ooh, where is his bedroom::: You think so"
285,child,0 days 00:17:37.000000000,He was tayed-,31710,1057.0,2019-03-15 19:09:24,
286,parent,0 days 00:17:39.000000000,Tired.,31770,1059.0,2019-03-15 19:09:26,
287,child,0 days 00:17:40.000000000,Tired. And he-,31800,1060.0,2019-03-15 19:09:27,
288,parent,0 days 00:17:43.000000000,Felt.,31890,1063.0,2019-03-15 19:09:30,
289,child,0 days 00:17:44.000000000,Felt he ought- ought-,31920,1064.0,2019-03-15 19:09:31,
290,parent,0 days 00:17:47.000000000,Ought to be.,32010,1067.0,2019-03-15 19:09:34,
291,child,0 days 00:17:48.000000000,Ought to be getting to bed.,32040,1068.0,2019-03-15 19:09:35,
292,parent,0 days 00:17:53.000000000,And then? He?,32190,1073.0,2019-03-15 19:09:40,And then::: He
293,child,0 days 00:17:57.000000000,He hoped he could see his bedroom window from the top of the mountain.,32310,1077.0,2019-03-15 19:09:44,
294,parent,0 days 00:18:04.000000000,"Ooh, it's even higher than the moon, yeah? And then?",32520,1084.0,2019-03-15 19:09:51,"Ooh, it's even higher than the moon, yeah::: And then"
295,child,0 days 00:18:07.000000000,But as he looked down over the other side-,32610,1087.0,2019-03-15 19:09:54,
296,parent,0 days 00:18:16.000000000,The other side.,32880,1096.0,2019-03-15 19:10:03,
297,child,0 days 00:18:16.000000000,"Side, he-",32880,1096.0,2019-03-15 19:10:03,
298,parent,0 days 00:18:16.000000000,Slip!,32880,1096.0,2019-03-15 19:10:03,
299,child,0 days 00:18:16.000000000,Slip-,32880,1096.0,2019-03-15 19:10:03,
300,parent,0 days 00:18:19.000000000,"He slipped! Ooh, my back! What you drew when you at this position?",32970,1099.0,2019-03-15 19:10:06,"He slipped! Ooh, my back! What you drew when you at this position"
301,child,0 days 00:18:24.000000000,Maybe we need to draw a...,33120,1104.0,2019-03-15 19:10:11,
302,parent,0 days 00:18:36.000000000,Balloon?,33480,1116.0,2019-03-15 19:10:23,Balloon
303,child,0 days 00:18:37.000000000,Yeah. So we bounce.,33510,1117.0,2019-03-15 19:10:24,
304,parent,0 days 00:18:39.000000000,Parachute?,33570,1119.0,2019-03-15 19:10:26,Parachute
305,child,0 days 00:18:40.000000000,Yeah. Parachute.,33600,1120.0,2019-03-15 19:10:27,
306,parent,0 days 00:18:42.000000000,Yes! And then?,33660,1122.0,2019-03-15 19:10:29,Yes! And then
307,child,0 days 00:18:43.000000000,"And there wasn't any other side of the mountain, he was falling in thin air.",33690,1123.0,2019-03-15 19:10:30,
308,parent,0 days 00:18:56.000000000,"Air. Ooh my God! Come on, fast. Ooh, he's right- oh, what is he going to draw, you think?",34080,1136.0,2019-03-15 19:10:43," Ooh, he's right- oh, what is he going to draw, you think"
309,child,0 days 00:19:01.000000000,But luckily he kept his wits and his purple crayon. He's got a balloon.,34230,1141.0,2019-03-15 19:10:48,
310,parent,0 days 00:19:05.000000000,Hot-,34350,1145.0,2019-03-15 19:10:52,
311,child,0 days 00:19:13.000000000,A hot air balloon.,34590,1153.0,2019-03-15 19:11:00,
312,parent,0 days 00:19:15.000000000,"Yeah, I think so. See?",34650,1155.0,2019-03-15 19:11:02, See
313,child,0 days 00:19:18.000000000,"I see you! Ma, I see you!",34740,1158.0,2019-03-15 19:11:05,
314,parent,0 days 00:19:18.000000000,"Yes, yes. [crosstalk 00:19:23] not trying to play peek-a-boo. Okay, come on.",34740,1158.0,2019-03-15 19:11:05,
315,child,0 days 00:19:32.000000000,He made a balloon and he grabbed onto-,35160,1172.0,2019-03-15 19:11:19,
316,parent,0 days 00:19:33.000000000,Grab onto it.,35190,1173.0,2019-03-15 19:11:20,
317,child,0 days 00:19:33.000000000,I see you! I see you!,35190,1173.0,2019-03-15 19:11:20,
318,parent,0 days 00:19:40.000000000,"Come on, come on, sit down!",35400,1180.0,2019-03-15 19:11:27,
319,child,0 days 00:19:41.000000000,I want [inaudible 00:19:41] cameras.,35430,1181.0,2019-03-15 19:11:28,
320,parent,0 days 00:19:41.000000000,Almost- see- almost finished.,35430,1181.0,2019-03-15 19:11:28,
321,child,0 days 00:19:42.000000000,And he made a basket under the balloon. Big-,35460,1182.0,2019-03-15 19:11:29,
322,parent,0 days 00:19:48.000000000,Big.,35640,1188.0,2019-03-15 19:11:35,
323,child,0 days 00:19:49.000000000,Enough-,35670,1189.0,2019-03-15 19:11:36,
324,parent,0 days 00:19:50.000000000,Enough to stand in.,35700,1190.0,2019-03-15 19:11:37,
325,child,0 days 00:19:51.000000000,In.,35730,1191.0,2019-03-15 19:11:38,
326,parent,0 days 00:19:54.000000000,"Come on, next.",35820,1194.0,2019-03-15 19:11:41,
327,child,0 days 00:19:57.000000000,He a fine-,35910,1197.0,2019-03-15 19:11:44,
328,parent,0 days 00:19:59.000000000,He had.,35970,1199.0,2019-03-15 19:11:46,
329,child,0 days 00:19:59.000000000,He had view.,35970,1199.0,2019-03-15 19:11:46,
330,parent,0 days 00:20:01.000000000,A fine view.,36030,1201.0,2019-03-15 19:11:48,
331,child,0 days 00:20:03.000000000,A fine view of the balloon but he couldn't see his window. He couldn't even see a house.,36090,1203.0,2019-03-15 19:11:50,
332,parent,0 days 00:20:13.000000000,Of course! He must- what should he do if he want to see the window in the house?,36390,1213.0,2019-03-15 19:12:00,Of course! He must- what should he do if he want to see the window in the house
333,child,0 days 00:20:21.000000000,"He need to go to the moon, pick up the moon. So the moon will pick you up then...",36630,1221.0,2019-03-15 19:12:08,
334,child,0 days 00:20:29.000000000,I see you!,36870,1229.0,2019-03-15 19:12:16,
335,parent,0 days 00:20:30.000000000,"Okay. Come on. Ooh, see what's happening!",36900,1230.0,2019-03-15 19:12:17,
336,child,0 days 00:20:32.000000000,So he made a house with windows.,36960,1232.0,2019-03-15 19:12:19,
337,parent,0 days 00:20:37.000000000,Mm. Is this him home you think?,37110,1237.0,2019-03-15 19:12:24, Is this him home you think
338,child,0 days 00:20:37.000000000,Yeah.,37110,1237.0,2019-03-15 19:12:24,
339,parent,0 days 00:20:37.000000000,And then?,37110,1237.0,2019-03-15 19:12:24,And then
340,child,0 days 00:20:39.000000000,And he landed the balloon on the grass in the front yard.,37170,1239.0,2019-03-15 19:12:26,
341,parent,0 days 00:20:48.000000000,Wow! And then?,37440,1248.0,2019-03-15 19:12:35,Wow! And then
342,child,0 days 00:20:49.000000000,I see you!,37470,1249.0,2019-03-15 19:12:36,
343,parent,0 days 00:20:53.000000000,"But, see, see, see, but nobody- what should you do?",37590,1253.0,2019-03-15 19:12:40,"But, see, see, see, but nobody- what should you do"
344,child,0 days 00:20:56.000000000,None of the windows was his window.,37680,1256.0,2019-03-15 19:12:43,
345,parent,0 days 00:21:00.000000000,Oh. Is he still get lost? And then?,37800,1260.0,2019-03-15 19:12:47, Is he still get lost::: And then
346,child,0 days 00:21:06.000000000,He tried to think where his window tought-,37980,1266.0,2019-03-15 19:12:53,
347,parent,0 days 00:21:11.000000000,Ought to be.,38130,1271.0,2019-03-15 19:12:58,
348,child,0 days 00:21:12.000000000,Ought to be.,38160,1272.0,2019-03-15 19:12:59,
349,parent,0 days 00:21:15.000000000,Wow. And then?,38250,1275.0,2019-03-15 19:13:02, And then
350,child,0 days 00:21:17.000000000,He made some more windows.,38310,1277.0,2019-03-15 19:13:04,
351,parent,0 days 00:21:18.000000000,"More. You think, where is he staying? Look at this-",38340,1278.0,2019-03-15 19:13:05," You think, where is he staying"
352,child,0 days 00:21:24.000000000,In a park.,38520,1284.0,2019-03-15 19:13:11,
353,parent,0 days 00:21:25.000000000,"Yeah. I think so, yeah. And then?",38550,1285.0,2019-03-15 19:13:12, And then
354,child,0 days 00:21:28.000000000,He made a big building full of windows.,38640,1288.0,2019-03-15 19:13:15,
355,parent,0 days 00:21:33.000000000,"Oh, he can also climb up. Wow!",38790,1293.0,2019-03-15 19:13:20,
356,child,0 days 00:21:36.000000000,A city!,38880,1296.0,2019-03-15 19:13:23,
357,parent,0 days 00:21:39.000000000,"Yes. Now become a city, yeah?",38970,1299.0,2019-03-15 19:13:26," Now become a city, yeah"
358,child,0 days 00:21:40.000000000,He made lost-,39000,1300.0,2019-03-15 19:13:27,
359,parent,0 days 00:21:42.000000000,Lots.,39060,1302.0,2019-03-15 19:13:29,
360,child,0 days 00:21:42.000000000,Lots of buildings full of windows. But why are these purple?,39060,1302.0,2019-03-15 19:13:29, But why are these purple
361,parent,0 days 00:21:51.000000000,Purple? Because he only have a purple crayon.,39330,1311.0,2019-03-15 19:13:38,Purple
362,child,0 days 00:21:55.000000000,He made a whole city full of windows.,39450,1315.0,2019-03-15 19:13:42,
363,parent,0 days 00:21:59.000000000,"So full, yeah. All over the place, yeah.",39570,1319.0,2019-03-15 19:13:46,
364,child,0 days 00:22:03.000000000,But none of the windows was his window.,39690,1323.0,2019-03-15 19:13:50,
365,parent,0 days 00:22:06.000000000,My god! What should you do? You cannot go back?,39780,1326.0,2019-03-15 19:13:53,My god! What should you do::: You cannot go back
366,child,0 days 00:22:13.000000000,What the window?,39990,1333.0,2019-03-15 19:14:00,What the window
367,parent,0 days 00:22:14.000000000,"He wants to find his bedroom window, but he keep on drawing, drawing, but there is none of his window - how?",40020,1334.0,2019-03-15 19:14:01,"He wants to find his bedroom window, but he keep on drawing, drawing, but there is none of his window - how"
368,child,0 days 00:22:23.000000000,He couldn't think where it might be.,40290,1343.0,2019-03-15 19:14:10,
369,parent,0 days 00:22:25.000000000,Mm-hmm (affirmative). Where could it be? And then?,40350,1345.0,2019-03-15 19:14:12, Where could it be::: And then
370,child,0 days 00:22:33.000000000,He de-ki-ded-,40590,1353.0,2019-03-15 19:14:20,
371,parent,0 days 00:22:33.000000000,Decided.,40590,1353.0,2019-03-15 19:14:20,
372,child,0 days 00:22:36.000000000,Decided to ask a policeman-,40680,1356.0,2019-03-15 19:14:23,
373,parent,0 days 00:22:43.000000000,Policeman.,40890,1363.0,2019-03-15 19:14:30,
374,child,0 days 00:22:43.000000000,"The policeman pointed the way Harold was going anyway, but Harold tank-ed-",40890,1363.0,2019-03-15 19:14:30,
375,parent,0 days 00:22:53.000000000,Thanked him.,41190,1373.0,2019-03-15 19:14:40,
376,child,0 days 00:23:01.000000000,"Thanked him. [crosstalk 00:23:01] He walked along with the moon, wishing he was in his room and in bed. Mom, what happened to her?",41430,1381.0,2019-03-15 19:14:48," Mom, what happened to her"
377,parent,0 days 00:23:02.000000000,I don't know.,41460,1382.0,2019-03-15 19:14:49,
378,child,0 days 00:23:02.000000000,I see you!,41460,1382.0,2019-03-15 19:14:49,
379,parent,0 days 00:23:02.000000000,"Come on, come on. Then?",41460,1382.0,2019-03-15 19:14:49, Then
380,child,0 days 00:23:02.000000000,"Then suddenly, Harold-",41460,1382.0,2019-03-15 19:14:49,
381,parent,0 days 00:23:02.000000000,Harold-,41460,1382.0,2019-03-15 19:14:49,
382,child,0 days 00:23:02.000000000,Remember-,41460,1382.0,2019-03-15 19:14:49,
383,parent,0 days 00:23:02.000000000,Remember where...,41460,1382.0,2019-03-15 19:14:49,
384,child,0 days 00:23:02.000000000,His bedroom window was when there was a moon.,41460,1382.0,2019-03-15 19:14:49,
385,parent,0 days 00:23:02.000000000,"Ooh, then? He draw the window, yeah?",41460,1382.0,2019-03-15 19:14:49,"Ooh, then::: He draw the window, yeah"
386,child,0 days 00:23:17.000000000,It was always right around the moon.,41910,1397.0,2019-03-15 19:15:04,
387,parent,0 days 00:23:17.000000000,And?,41910,1397.0,2019-03-15 19:15:04,And
388,child,0 days 00:23:17.000000000,And then Harold made his bed... But his clothes is still wet.,41910,1397.0,2019-03-15 19:15:04,
389,parent,0 days 00:23:26.000000000,Wet? Why wet?,42180,1406.0,2019-03-15 19:15:13,Wet::: Why wet
390,child,0 days 00:23:30.000000000,He was just in the ocean.,42300,1410.0,2019-03-15 19:15:17,
391,parent,0 days 00:23:57.000000000,Oh yeah. Maybe in the boat he already draw a fan to make his clothes dry.,43110,1437.0,2019-03-15 19:15:44,
392,child,0 days 00:24:08.000000000,Maybe he gets another clothes.,43440,1448.0,2019-03-15 19:15:55,
393,parent,0 days 00:24:11.000000000,"Oh yeah, maybe.",43530,1451.0,2019-03-15 19:15:58,
394,child,0 days 00:24:12.000000000,To change his clothes.,43560,1452.0,2019-03-15 19:15:59,
395,parent,0 days 00:24:13.000000000,Maybe.,43590,1453.0,2019-03-15 19:16:00,
396,child,0 days 00:24:15.000000000,"He got in it, and he drew up the covers.",43650,1455.0,2019-03-15 19:16:02,
397,parent,0 days 00:24:20.000000000,"Mm-hmm (affirmative). Oops, okay. And then? The purple?",43800,1460.0,2019-03-15 19:16:07, And then::: The purple
398,child,0 days 00:24:26.000000000,"He got in it, and he drew up the covers. The purple crayon dropped on the floor, and Harold dropped on-",43980,1466.0,2019-03-15 19:16:13,
399,parent,0 days 00:24:37.000000000,"Off to sleep. Oh, I'm so tired. Would you be so tired if you were Harold?",44310,1477.0,2019-03-15 19:16:24, Would you be so tired if you were Harold
400,child,0 days 00:24:48.000000000,Yeah.,44640,1488.0,2019-03-15 19:16:35,
401,parent,0 days 00:24:48.000000000,"Finish. Okay. And the other book, just a minute. This one, it's quite nice, the story. You like it, the story?",44640,1488.0,2019-03-15 19:16:35," You like it, the story"
402,child,0 days 00:25:02.000000000,What?,45060,1502.0,2019-03-15 19:16:49,What
403,Speaker 1,0 days 00:25:02.000000000,"Awesome, yeah, okay. So we're done reading the story.",45060,1502.0,2019-03-15 19:16:49,
404,parent,0 days 00:25:02.000000000,Okay. Do you like the story or not Alex?,45060,1502.0,2019-03-15 19:16:49, Do you like the story or not Alex
405,child,0 days 00:25:02.000000000,Yes.,45060,1502.0,2019-03-15 19:16:49,
406,parent,0 days 00:25:02.000000000,You like it or not? The Harold and the Purple-,45060,1502.0,2019-03-15 19:16:49,You like it or not
407,child,0 days 00:25:02.000000000,Are you my mother?,45060,1502.0,2019-03-15 19:16:49,Are you my mother
408,parent,0 days 00:25:02.000000000,Are you my mother? Are you my mother?,45060,1502.0,2019-03-15 19:16:49,Are you my mother::: Are you my mother
409,Speaker 4,0 days 00:25:02.000000000,Just give me one second.,45060,1502.0,2019-03-15 19:16:49,
410,parent,0 days 00:25:23.000000000,"Okay. I will do this one, the officer.",45690,1523.0,2019-03-15 19:17:10,
411,Speaker 4,0 days 00:25:25.000000000,Did you have fun today?,45750,1525.0,2019-03-15 19:17:12,Did you have fun today
412,parent,0 days 00:25:26.000000000,Yes.,45780,1526.0,2019-03-15 19:17:13,
